<PAMDataset>
  <PAMRasterBand band="1">
    <Histograms>
      <HistItem>
        <HistMin>-0.4945054945054945</HistMin>
        <HistMax>90.49450549450549</HistMax>
        <BucketCount>91</BucketCount>
        <IncludeOutOfRange>0</IncludeOutOfRange>
        <Approximate>0</Approximate>
        <HistCounts>1534|0|0|0|0|0|0|0|0|0|16852261|0|0|0|0|0|0|0|0|0|4786302|0|0|0|0|0|0|0|0|0|360746|0|0|0|0|0|0|0|0|0|78544|0|0|0|0|0|0|0|0|0|318447|0|0|0|0|0|0|0|0|0|3573379|0|0|0|0|0|0|0|0|0|0|0|0|0|0|0|0|0|0|0|1136782|0|0|0|0|0|0|0|0|0|49393</HistCounts>
      </HistItem>
    </Histograms>
    <Metadata>
      <MDI key="STATISTICS_MAXIMUM">90</MDI>
      <MDI key="STATISTICS_MEAN">22.237993212012</MDI>
      <MDI key="STATISTICS_MINIMUM">0</MDI>
      <MDI key="STATISTICS_STDDEV">20.98189006516</MDI>
    </Metadata>
  </PAMRasterBand>
</PAMDataset>
