<?xml version="1.0" encoding="UTF-8"?>
<Data>
	<DataSource>
		<SourceFilepath>
			<!-- MODIFY -->
			<LandCoverFilepath>.\WUHAN_DATA\WUHAN_LANDUSE</LandCoverFilepath> <!-- MODIFY -->
			<AuxiliaryDataFilepath>.\WUHAN_DATA\WUHAN_AUXVAR</AuxiliaryDataFilepath> <!-- MODIFY -->
			<OutputFilepath>.\WUHAN_DATA\WUHAN_OUTPUT</OutputFilepath> <!-- MODIFY -->
		</SourceFilepath>
		
		<LandCoverFiles Filenum="2">
			<ClassifiCode>land_type_code.csv</ClassifiCode> <!-- MODIFY -->
			<File>
				<Filepath>WUHAN_GLC30_2000.tif</Filepath> <!-- MODIFY -->
				<Year>2000</Year> <!-- MODIFY -->
				<!-- no need -->
				<Filetype>Geotiff</Filetype>					
			</File>
			<File>
				<Filepath>WUHAN_GLC30_2010.tif</Filepath> <!-- MODIFY -->
				<Year>2010</Year> <!-- MODIFY -->
				<!-- no need -->
				<Filetype>Geotiff</Filetype>
			</File>
		</LandCoverFiles>

		<!-- cal. prob. version 2.0. "filenum" can control input file from 0 to (filenum-1) -->
		<AuxiliaryDataFiles Filenum ="4" TotalFileNum="4"> <!-- MODIFY -->
			<File id ="0">
				<Comment>WUHAN_capital_city</Comment>
				<Filepath>WUHAN_capital_city.tif</Filepath>
				<MinimumValue>0</MinimumValue>
				<MaximumValue>130032</MaximumValue>
				<MeanValue>60000</MeanValue>
				<NearBetter>1</NearBetter>
			</File>

			<File id="1">
				<Comment>WUHAN_china_lspop2010_float</Comment>
				<Filepath>WUHAN_china_lspop2010_float.tif</Filepath>
				<MinimumValue>0</MinimumValue>
				<MaximumValue>69483</MaximumValue>
				<MeanValue>102.86</MeanValue>
				<NearBetter>1</NearBetter>
			</File>

			<File id="2">
				<Comment>WUHAN_China_Slope</Comment>
				<Filepath>WUHAN_China_Slope.tif</Filepath>
				<MinimumValue>0</MinimumValue>
				<MaximumValue>27.3944</MaximumValue>
				<MeanValue>1</MeanValue>
				<NearBetter>1</NearBetter>
			</File>

			<File id="3">
				<Comment>WUHAN_DISTRICT</Comment>
				<Filepath>WUHAN_city.tif</Filepath>
				<MinimumValue>0</MinimumValue>
				<MaximumValue>69498.6</MaximumValue>
				<MeanValue>30000</MeanValue>
				<NearBetter>1</NearBetter>
			</File>
	 
		</AuxiliaryDataFiles>

		<!-- MODIFY -->
		<AddProbImageFile>
			<!-- <=0 No, >=1 Yes -->
			<IsUseAddProb>0</IsUseAddProb>
			<!-- Must be FLOAT32, plz put data in AUX DIR -->
			<Filepath>AddProb.tif</Filepath>
		</AddProbImageFile>
		
		
		
		<!--main output-->
		<OutputFiles>
			<UrbanChangeFilepath>0UrbanChangeFile.tif</UrbanChangeFilepath>
			<UrbanReclassifiFilepath>1UrbanReclassiFile.tif</UrbanReclassifiFilepath>
			<LandDevelopSuitableIndexFilepath>2LandDevelopSuitableIndexFile.tif</LandDevelopSuitableIndexFilepath>
			<RegressionAnalysisPointsFile>3RegressionAnalysisPointsFile.txt</RegressionAnalysisPointsFile>
			<ProbabilityDevelopedAllFilepath>PROB.tif</ProbabilityDevelopedAllFilepath>	
				
			<!-- Please Do Not Put Suffix Name In This Node Value -->
			<UrbanDevelopmentCAIterationsResult>5UrbanDevelopmentCAIterationsResult</UrbanDevelopmentCAIterationsResult>
			
			<!-- Image Reclassification For Validation -->
			<UrbanReclassifiFilepath_Validation>1UrbanReclassiFile_Validation.tif</UrbanReclassifiFilepath_Validation>
			
			<!-- ****IMPORTANT**** -->
			<!-- Output 9 Bands Probability Or Not, <=0 No, >0 Yes -->
			<IsOutput9BandsProbabiltyImage>1</IsOutput9BandsProbabiltyImage>
			<Op9BandsProbabilityFilepath>9B_PROB_K01.tif</Op9BandsProbabilityFilepath>				
		</OutputFiles>		
	</DataSource>

	<Parameters>
		<Simulation>
			<MaxThreadNum>8</MaxThreadNum>
			<StartYear>2000</StartYear> <!-- MODIFY -->
			<EndYear>2010</EndYear> <!-- MODIFY -->
			<YearGap>10</YearGap>
			
			<!-- The Minmum Number Of Random Points Used To Train Decision Forests -->
			<RandomPointsNum>5000</RandomPointsNum>
			
			<!-- 	1 uncity TO city	
					2 city TO city 
					3 protective area TO city
					4 uncity, protective area TO city
					5 uncity, city, protective area TO city
					6 Protective area TO uncity
					7 city TO uncity
					-->
			<ProbabilityType>1</ProbabilityType>

			<!-- ****IMPORTANT**** -->
			<!-- 0 Random Forests
				 1 Logic Regression 
				 2 Neural Network   
				 3 Immune Algorithm
				 4 Logit Model
         -->
			<RegressionMethod>0</RegressionMethod>		
		</Simulation>
		
		<RandomDecisionForest>			
			<!-- Tree Number of Decision Forest, 50-100 -->
			<DecisionForestTrees>80</DecisionForestTrees>
			<!--percent of a training set used to build individual trees. Avail = (0, 1], Recommend = [0.1, 0.66]-->
			<DecisionForestSetPersent>0.8</DecisionForestSetPersent>
			<!-- number of variables used when choosing best split -->
			<DecisionForestNRndVars>1000</DecisionForestNRndVars>
			<!-- Decision Forest Output Result Data Filepath -->
			<DecisionForestResultData>DecisionForestAccuracyReport.txt</DecisionForestResultData>
		</RandomDecisionForest>
		
		<LogicRegression>
			<!--Trained Model File Path / Pre Model File Path-->
			<ModelFilepath>logicRegressionTrainingFile.mod</ModelFilepath>
			<!-- Minmal Accuracy To Next Step (Make Probability Image). -->
			<MinAccuracyToPass>0.3</MinAccuracyToPass>
			<!-- maximal iteration loops (default 100) -->
			<MaxLoop>100</MaxLoop>
			<!-- minimal loss value decrease (default 1e-03) -->
			<LossThread>0.001</LossThread>
			<!-- learning rate (default 1.0) -->
			<LearnRate>1.0</LearnRate>
			<!-- lambda of gaussian prior regularization (default 0) -->
			<Lambda>0.0</Lambda>
			<!-- 0: final weight (default); 1: average weights of all iteration loops -->
			<AvgLoopWeight>0</AvgLoopWeight>
			<!-- 0: initial training model (default); 1: updating model (pre_model_file is needed) -->
			<UpdateModelFile>0</UpdateModelFile>
		</LogicRegression>
    
		<LogitModel>
		  <ALRParamsFile>AdvancedLinearRegCoefficients.txt</ALRParamsFile>
		  <AccuracyFile>AdvancedLinearRegAccuracyReport.txt</AccuracyFile>
		</LogitModel>	
		
		<NeuralNetwork>
			<!-- ****IMPORTANT**** -->
			<!-- NN Hidden Level Num -->
			<HiddenLevelNum>3</HiddenLevelNum>
			<!-- Restart Times, >0 Choose The Best NN, =0 Current State NN -->
			<RestartsNum>10</RestartsNum>
			<!-- NN Accuracy Report -->
			<AccuracyReport>NeuralNetworkAccuracyReport.txt</AccuracyReport>
		</NeuralNetwork>

		<ImmuneAlgorithm>
			<!-- Order num of classifier, recommondation = 1 -->
			<ClassifierOrder>1</ClassifierOrder>
			<!-- Number of antibodies -->
			<AntibodiesNumber>200</AntibodiesNumber>
			<!-- Variation probability -->
			<VariationPg>0.6</VariationPg>
			<!-- Exhange probability -->
			<ExchangePg>0.6</ExchangePg>
			<!-- Training iteration number, recommendation: 10000 -->
			<TrainingIterationNum>300000</TrainingIterationNum>
			<!-- Training accuracy report -->
			<AccuracyReport>ImmuneAlogrithmAccuracyReport.txt</AccuracyReport>
		</ImmuneAlgorithm>

		<CAIteration>
			<!-- Urban Pixels Increase Number, if > 0 && > MaxIterationNum, the program just simulate to the increase num.  -->
			<!-- If this parameter <= 0, the whole image simulation and prediction 
			If set this param > 0, the increase number will be this total number / MaxIterationNum per time. 
			If set this param <= 0, all the potential increase cell will change to city at each iteration until the total iteration times to the MaxIterationNum or the gap change num < ForeNextDifferenceNum.
			-->
			<UrbanIncreaseNum>0</UrbanIncreaseNum> <!-- MODIFY -->
			<!-- Whether using the fast method to Urban Increase, <=0 No, >0 Yes -->
			<UrbanIncreaseFastMethod>1</UrbanIncreaseFastMethod>
			<!-- The Times of Finding Random Points per time (useless, retention parameter) -->
			<FindRndPtsRestartTimes>20000</FindRndPtsRestartTimes>
			
			
			<!-- Maximum Iteration Num, remcommodation: 10-50 -->
			<MaxIterationNum>5</MaxIterationNum>	 <!-- MODIFY -->
			
			<!-- Fore CA and Next CA Result Difference, recommodation: 300-800 -->
			<ForeNextDifferenceNum>500</ForeNextDifferenceNum> <!-- MODIFY -->
			<!-- The Minumum Probability To Development, RDF Recommend = [0.6, 0.9], LR Recommend = [0.1, 0.3] -->
			<UrbanDevelopedProbability>0.1</UrbanDevelopedProbability> <!-- MODIFY -->
			
			<!-- Simulating Protective Area Or Not, <=0 No, >0 Yes -->
			<IsSimulateProtectiveArea>0</IsSimulateProtectiveArea>
			<!-- Calculating Neighbor Probability Use Probability Image, <=0 trandition, =1 urban conversion prob, =2 tan curve add Yes -->
			<IsUseProbImgCalNeighborProb>0</IsUseProbImgCalNeighborProb>
			<!-- Next CA Iteration Use Fore Probability Result, <=0 No, >0 Yes (useless, retention parameter) -->
			<IsUseForeProbImgToIteration>0</IsUseForeProbImgToIteration>
		</CAIteration>	

	<!-- ****IMPORTANT**** -->
		<AccuracyEvaluation>
			<!-- Execute this process or not, >=1 do, <=0 un-do -->
			<ValidProcess>1</ValidProcess>
			<!-- Source File -->
			<SourceUrbanReclassifyFile>.\WUHAN_DATA\WUHAN_OUTPUT\1UrbanReclassiFile.tif</SourceUrbanReclassifyFile>
			<!-- Validation File -->
			<TargetUrbanReclassifyFile>.\WUHAN_DATA\WUHAN_OUTPUT\1UrbanReclassiFile_Validation.tif</TargetUrbanReclassifyFile>
			<!-- CA Result Filename, Do Not Add Suffix Name. The Filename Must Append "_IterNo_*.tif", * = Interation Time -->
			<CAResultFiles>.\WUHAN_DATA\WUHAN_OUTPUT\5UrbanDevelopmentCAIterationsResult</CAResultFiles>
			<!-- CA Result Filename, Do Not Add Suffix Name. The Filename Must Append "_IterNo_*.accu", * = Interation Time. or ".statics" -->
			<AccuResultFiles>.\WUHAN_DATA\WUHAN_OUTPUT\ACCURACY\5UrbanDevelopmentCAIterationsResult</AccuResultFiles>		
			
			<!-- Vector File 
			<MapFile>.\WUHAN_DATA\WUHAN_SHP\wuhan_border.shp</MapFile>	
			-->
		</AccuracyEvaluation>
		
		<FarmlandAnalysis>
			<!-- Execute this process or not, >=1 do, <=0 un-do -->
			<ValidProcess>1</ValidProcess>
			<!-- ****IMPORTANT**** -->
			<!-- Original Land Cover Classification Image -->
			<ClassifiImageFilename>.\WUHAN_DATA\WUHAN_LANDUSE\WUHAN_GLC30_2000.tif</ClassifiImageFilename>
			<!-- Farmland Code, Use ',' To Split -->
			<FarmlandCode>10</FarmlandCode>
			<!--CA Result Filename, Do Not Add Suffix Name. The Filename Must Append "_IterNo_*.tif", * = Interation Time -->
			<CAResultFiles>.\WUHAN_DATA\WUHAN_OUTPUT\5UrbanDevelopmentCAIterationsResult</CAResultFiles>
			<!--Farmland Analysis Result Filename, Do Not Add Suffix Name. The Filename Must Append "_IterNo_*.tif", * = Interation Time, Same As CAResult File. -->
			<AnalysisResultFiles>.\WUHAN_DATA\WUHAN_OUTPUT\FARMLAND_LOSS\7FarmLandAnalysis</AnalysisResultFiles>
		</FarmlandAnalysis>	

		
	</Parameters>	
</Data>
